q,hue_deg,refine_norm,mass_f012,mass_f014,causal_db_f012,causal_db_f014
0,311.91,0.17,-78739.53,-11962.05,11.29,12.95
1,18.28,0.1,35920.52,28362.04,29.72,30.41
2,344.6,0.11,22370.22,9310.21,32.36,35.25
3,3.05,0.31,40757.56,26670.28,17.95,19.15
4,274.28,0.21,-76237.45,-24585.11,8.0,8.77
5,109.98,0.14,1164.46,259.79,28.92,29.31
6,75.41,0.16,20816.7,11532.83,28.26,29.77
7,157.25,0.03,-86481.55,-61670.59,36.42,40.99
8,258.36,0.37,-75737.03,-20798.19,3.3,3.85
9,255.89,0.15,-87350.06,-35990.49,11.43,11.88
10,244.81,0.08,9438.86,11659.08,38.98,37.98
11,239.08,0.11,17713.97,46157.73,25.35,28.3
12,97.1,0.09,32854.13,14591.61,30.77,32.11
13,42.34,0.2,36047.61,15407.4,21.55,22.42
14,117.54,0.12,37393.73,24595.72,25.15,26.16
15,233.92,0.22,-19684.04,4307.94,23.94,27.41
16,6.75,0.26,40002.99,19496.17,18.61,19.33
17,100.35,0.12,14082.78,-5729.31,32.71,39.3
18,14.62,0.26,34398.55,12540.17,19.6,20.99
19,333.77,0.16,38992.57,28721.85,25.07,25.82
20,55.2,0.15,-99696.97,-79027.72,17.01,17.86
21,315.36,0.24,-98831.44,-35291.77,6.83,7.49
22,335.19,0.23,36548.82,22445.95,22.7,23.71
23,258.66,0.33,-65400.15,-16953.22,4.69,5.13
24,23.39,0.28,45285.07,30039.74,18.17,19.39
25,276.72,0.26,-74213.1,-16368.19,6.17,6.79
26,277.35,0.17,41628.52,27626.66,23.43,24.63
27,181.49,0.12,-22177.08,-23300.01,29.55,32.17
28,190.06,0.33,-74702.12,-32772.64,4.84,5.19
29,138.6,0.17,-38469.94,-27225.11,19.63,20.33
30,269.47,0.25,-83452.52,-32687.89,6.73,7.17
31,197.15,0.04,-820.18,6375.78,39.31,44.42
32,297.65,0.13,-85849.41,-29869.46,13.03,13.38
33,210.46,0.22,36854.27,36162.39,23.06,22.22
34,282.68,0.04,5486.47,-2888.06,44.11,45.51
35,72.75,0.05,-120961.47,-95102.88,27.39,28.14
36,86.7,0.16,41306.84,23573.14,23.52,24.65
37,298.97,0.27,41309.23,17774.51,18.65,20.01
38,5.35,0.11,32877.45,29215.67,30.95,31.25
39,206.55,0.15,55447.22,45292.62,25.76,26.11
40,171.59,0.07,43053.68,27289.54,31.75,33.04
41,352.95,0.45,50796.4,28721.06,13.06,14.31
42,88.82,0.16,41121.84,29238.88,24.37,25.29
43,108.94,0.06,-64597.22,-41097.12,28.75,32.0
44,311.2,0.06,14421.36,10175.22,38.41,39.93
45,312.73,0.18,37733.01,21504.4,23.19,25.34
46,208.09,0.06,37073.66,29854.66,36.36,36.31
47,195.09,0.06,-49272.81,5651.69,24.31,24.04
48,308.48,0.08,-60862.03,-38712.6,32.22,32.31
49,88.06,0.09,29072.66,14757.13,31.96,32.87
50,180.1,0.18,40686.61,25614.57,23.47,24.93
51,21.42,0.08,11804.13,-13316.93,38.01,39.46
52,253.4,0.05,36277.98,19940.9,35.06,36.19
53,357.08,0.1,-117279.12,-68214.38,19.2,20.25
54,164.58,0.08,31942.51,34772.16,33.42,33.19
55,309.47,0.17,33719.61,23232.39,25.09,26.1
56,57.47,0.04,-14530.47,-14645.54,59.22,58.31
57,329.06,0.29,-91742.62,-36890.63,5.91,6.34
58,348.32,0.17,6201.8,-22475.32,25.79,28.51
59,126.5,0.11,6593.7,-20498.66,31.71,33.01
60,110.09,0.03,-41141.91,-30438.07,38.74,44.04
61,235.94,0.02,28703.09,12555.24,45.3,49.45
62,336.89,0.08,29912.1,9818.96,31.85,33.89
63,222.82,0.01,12694.71,11318.75,48.53,48.15
64,210.39,0.1,44918.96,31616.26,28.24,29.42
65,76.7,0.08,-103781.82,-71688.97,22.59,22.23
66,334.73,0.19,14165.45,-6171.56,24.23,24.98
67,327.63,0.11,-25680.64,-9470.72,36.98,40.46
68,14.89,0.07,9281.83,4189.3,37.18,38.88
69,239.23,0.26,-87915.38,-30983.16,6.43,6.96
70,167.34,0.12,36080.84,21290.42,26.37,27.64
71,27.87,0.16,35519.44,20436.19,24.29,24.81
72,42.43,0.14,38367.23,19716.79,25.88,27.87
73,325.39,0.11,-34399.34,6833.42,32.45,35.31
74,2.82,0.24,41106.2,27068.37,19.97,20.9
75,272.96,0.17,-82915.38,-31123.59,10.24,10.65
76,33.08,0.38,34766.56,-4818.66,15.07,17.44
77,268.86,0.39,-72679.88,-18746.59,2.97,3.5
78,337.84,0.29,37951.88,27055.39,18.84,19.9
79,182.11,0.11,33136.07,14393.04,29.07,31.09
80,89.97,0.05,-21881.18,-20139.72,44.3,45.33
81,325.87,0.24,40575.64,5392.29,21.76,28.49
82,195.12,0.27,-76717.44,-28804.05,6.72,7.62
83,9.7,0.14,25603.46,12230.7,28.23,30.51
84,313.43,0.06,-6069.48,-45279.68,38.95,30.11
85,222.12,0.18,43751.67,28665.59,23.82,25.32
86,188.17,0.22,35517.11,953.32,22.64,24.38
87,126.35,0.02,-72294.94,-35977.54,30.63,31.0
88,310.87,0.15,40499.34,30780.14,24.64,25.57
89,202.89,0.05,18996.43,12607.9,31.18,32.7
90,74.15,0.08,-94643.32,-66890.12,25.2,30.02
91,1.39,0.15,19642.04,3071.24,31.48,35.22
92,86.32,0.17,17016.65,-5666.29,27.42,28.91
93,319.27,0.11,38363.05,19520.99,27.96,29.83
94,359.37,0.19,45903.77,35265.83,22.74,23.79
95,8.14,0.1,-697.89,-8491.89,38.74,41.91
96,225.43,0.11,37700.96,23388.41,28.84,29.96
97,244.63,0.17,-72812.44,-18473.11,10.1,10.64
98,332.81,0.1,-87655.66,-31345.18,14.83,15.32
99,127.39,0.31,38218.57,17405.71,18.41,20.35
