dir,sval,pred_db,measured_db
0,3.5374,21.9,22.1
1,2.2046,30.6,
2,2.1045,36.5,
3,1.9353,31.8,
4,1.9014,33.2,
5,1.843,36.4,
6,1.8094,36.6,
7,1.7996,37.4,
8,1.7846,34.7,34.9
9,1.7715,38.7,
10,1.7524,40.8,
11,1.7378,46.6,
12,1.7219,43.3,
13,1.7164,41.8,
14,1.7095,37.1,
15,1.6958,37.8,
16,1.6771,36.0,36.2
17,1.6731,43.8,
18,1.6683,44.3,
19,1.6663,37.8,
20,1.6573,38.2,
21,1.6564,42.8,
22,1.6525,34.9,
23,1.6479,41.7,
24,1.6412,39.1,39.2
25,1.6406,43.3,
26,1.6344,42.1,
27,1.6305,37.0,
28,1.6263,40.1,
29,1.6241,38.2,
30,1.6208,40.4,
31,1.618,38.2,
32,1.6105,39.0,39.2
33,1.6068,35.8,
34,1.6046,46.6,
35,1.6008,40.7,
36,1.5964,36.9,
37,1.5956,47.0,
38,1.5929,38.7,
39,1.5878,42.1,
40,1.5848,39.6,39.8
41,1.584,46.8,
42,1.5826,38.0,
43,1.5775,45.0,
44,1.5765,35.9,
45,1.5756,38.9,
46,1.5737,40.0,
47,1.5718,38.8,
48,1.5702,44.0,44.2
49,1.5676,41.5,
50,1.5653,39.2,
51,1.5606,44.1,
52,1.5578,38.4,
53,1.5567,41.8,
54,1.5545,36.7,
55,1.5531,39.5,
56,1.5495,48.7,48.6
57,1.5465,41.3,
58,1.5446,48.0,
59,1.5423,43.3,
60,1.5409,43.6,
61,1.5402,49.9,
62,1.5378,44.0,
63,1.5355,40.7,
64,1.5329,39.6,39.8
65,1.531,41.7,
66,1.5301,41.1,
67,1.5266,45.0,
68,1.5254,36.0,
69,1.5243,47.7,
70,1.5228,39.7,
71,1.5203,36.6,
72,1.519,37.8,38.0
73,1.518,44.8,
74,1.5163,40.8,
75,1.5133,44.5,
76,1.5114,42.8,
77,1.5107,46.0,
78,1.5066,36.9,
79,1.5051,45.6,
80,1.5035,42.4,42.5
81,1.502,45.6,
82,1.4991,38.8,
83,1.4981,45.8,
84,1.4974,40.4,
85,1.4957,39.6,
86,1.494,44.6,
87,1.4924,44.0,
88,1.4905,43.9,44.0
89,1.4899,47.1,
90,1.4889,39.6,
91,1.486,40.4,
92,1.4842,41.2,
93,1.4803,41.7,
94,1.4792,40.9,
95,1.4787,39.8,
96,1.4775,37.7,37.9
97,1.4772,47.9,
98,1.4757,49.2,
99,1.474,49.4,
100,1.4729,39.3,
101,1.472,43.9,
102,1.469,46.9,
103,1.4672,38.6,
104,1.466,41.6,41.8
105,1.4655,38.2,
106,1.4638,42.6,
107,1.4631,40.0,
108,1.4628,40.4,
109,1.4591,45.2,
110,1.4589,39.8,
111,1.457,43.7,
112,1.4536,46.9,46.9
113,1.4526,41.3,
114,1.452,44.4,
115,1.4506,42.6,
116,1.4484,45.5,
117,1.4478,43.3,
118,1.446,40.8,
119,1.4445,43.6,
120,1.4434,48.3,48.2
121,1.442,45.2,
122,1.4405,44.7,
123,1.4399,44.0,
124,1.4393,41.1,
125,1.4379,44.8,
126,1.4367,44.5,
127,1.4342,40.5,
128,1.4336,42.4,42.6
129,1.4318,40.3,
130,1.4304,44.2,
131,1.429,41.2,
132,1.4285,45.0,
133,1.4269,44.6,
134,1.4267,41.5,
135,1.4247,47.0,
136,1.4234,39.8,40.0
137,1.4227,40.3,
138,1.4214,44.3,
139,1.4203,41.8,
140,1.4191,49.9,
141,1.4171,40.6,
142,1.4166,40.0,
143,1.415,43.0,
144,1.4134,45.8,45.8
145,1.4127,48.4,
146,1.4126,46.7,
147,1.4115,43.9,
148,1.4096,44.1,
149,1.4091,48.1,
150,1.4081,42.3,
151,1.4075,49.0,
152,1.4054,44.0,44.2
153,1.405,40.9,
154,1.4037,42.4,
155,1.4026,44.2,
156,1.4021,41.8,
157,1.4014,46.1,
158,1.4004,44.9,
159,1.3993,38.7,
160,1.3975,42.0,42.2
161,1.3968,40.0,
162,1.3954,43.7,
163,1.394,45.0,
164,1.3929,43.5,
165,1.3926,47.4,
166,1.3923,43.9,
167,1.3911,46.1,
168,1.3905,46.5,46.5
169,1.3894,45.1,
170,1.3885,42.0,
171,1.3877,43.6,
172,1.3856,47.3,
173,1.3848,42.1,
174,1.3832,44.1,
175,1.383,48.1,
176,1.3817,46.3,46.4
177,1.381,42.5,
178,1.3804,43.5,
179,1.3794,43.6,
180,1.3782,44.2,
181,1.3775,49.6,
182,1.3756,47.3,
183,1.374,44.9,
184,1.3729,42.0,42.1
185,1.3723,46.3,
186,1.3716,40.5,
187,1.3703,40.6,
188,1.3698,44.7,
189,1.3696,43.9,
190,1.3689,44.1,
191,1.3681,47.7,
192,1.3671,49.2,49.1
193,1.3667,40.3,
194,1.3651,42.7,
195,1.3647,46.9,
196,1.3638,45.3,
197,1.3614,44.1,
198,1.3608,49.9,
199,1.36,44.9,
200,1.3599,46.2,46.2
201,1.3586,46.8,
202,1.3577,45.8,
203,1.357,42.9,
204,1.3566,46.4,
205,1.3561,44.8,
206,1.3547,48.6,
207,1.354,46.7,
208,1.3522,43.7,43.8
209,1.3513,43.2,
210,1.3505,46.1,
211,1.35,44.1,
212,1.3494,42.5,
213,1.3489,41.5,
214,1.3473,41.8,
215,1.3471,46.5,
216,1.3463,42.9,43.1
217,1.3458,44.4,
218,1.3448,44.5,
219,1.3441,43.9,
220,1.3433,46.7,
221,1.3423,44.6,
222,1.3418,41.8,
223,1.3406,46.8,
224,1.3394,40.1,40.2
225,1.3389,49.1,
226,1.3376,57.1,
227,1.3364,46.2,
228,1.3359,41.3,
229,1.3348,47.0,
230,1.3344,42.8,
231,1.3332,47.3,
232,1.3325,42.6,42.7
233,1.3312,46.1,
234,1.3302,47.0,
235,1.329,44.5,
236,1.3283,42.2,
237,1.3278,47.5,
238,1.327,48.5,
239,1.3256,46.1,
240,1.3254,45.0,45.1
241,1.3245,48.2,
242,1.3239,46.0,
243,1.3231,44.7,
244,1.3224,48.3,
245,1.3212,47.1,
246,1.3209,44.4,
247,1.3204,40.9,
248,1.3188,46.2,46.2
249,1.3186,46.3,
250,1.3182,49.8,
251,1.3173,42.5,
252,1.3168,48.4,
253,1.3158,45.5,
254,1.3149,44.5,
255,1.3135,47.9,
256,1.3129,42.8,42.9
257,1.3116,48.4,
258,1.3113,51.4,
259,1.3097,48.8,
260,1.3083,46.1,
261,1.308,45.1,
262,1.3072,48.9,
263,1.3069,48.0,
264,1.3063,43.3,43.4
265,1.3051,44.4,
266,1.3041,46.7,
267,1.3037,46.5,
268,1.3033,47.2,
269,1.3027,44.9,
270,1.302,48.5,
271,1.3009,47.3,
272,1.3007,47.3,47.3
273,1.2998,46.9,
274,1.2995,50.7,
275,1.2992,48.1,
276,1.298,46.7,
277,1.2966,43.9,
278,1.2958,47.0,
279,1.2952,46.8,
280,1.2951,46.9,46.9
281,1.2939,41.3,
282,1.293,46.4,
283,1.2921,47.2,
284,1.291,41.8,
285,1.2904,47.4,
286,1.2899,46.0,
287,1.2892,48.1,
288,1.2883,45.2,45.2
289,1.2875,46.2,
290,1.2865,45.3,
291,1.286,44.4,
292,1.2857,48.0,
293,1.2849,40.0,
294,1.2837,48.5,
295,1.2833,44.9,
296,1.2822,42.0,42.2
297,1.2816,46.6,
298,1.2806,41.4,
299,1.2805,44.3,
300,1.2797,43.6,
301,1.2787,47.2,
302,1.2781,48.1,
303,1.2769,40.7,
304,1.2759,49.2,49.1
305,1.275,46.1,
306,1.2747,48.9,
307,1.273,43.3,
308,1.2724,41.5,
309,1.2719,48.2,
310,1.2707,42.3,
311,1.2704,48.5,
312,1.269,41.0,41.2
313,1.2687,47.8,
314,1.2681,45.2,
315,1.2675,46.2,
316,1.2663,48.0,
317,1.2658,48.8,
318,1.2652,43.0,
319,1.2646,47.7,
320,1.2638,47.7,47.6
321,1.2633,45.3,
322,1.2612,43.9,
323,1.261,44.9,
324,1.2604,48.5,
325,1.2599,44.1,
326,1.2597,44.3,
327,1.2588,42.7,
328,1.258,41.3,41.5
329,1.2572,43.8,
330,1.2567,48.4,
331,1.2561,47.7,
332,1.2554,43.0,
333,1.2539,46.7,
334,1.2535,45.1,
335,1.2531,48.6,
336,1.2521,46.4,46.5
337,1.2512,43.3,
338,1.2505,41.7,
339,1.2493,46.6,
340,1.2485,49.5,
341,1.2481,42.1,
342,1.2479,48.4,
343,1.247,42.7,
344,1.2463,53.1,52.4
345,1.2459,48.2,
346,1.2455,46.6,
347,1.2448,46.7,
348,1.2436,45.7,
349,1.2432,50.9,
350,1.2411,43.3,
351,1.2406,51.1,
352,1.2398,44.1,44.2
353,1.2395,42.6,
354,1.2388,49.9,
355,1.2386,46.3,
356,1.2371,42.2,
357,1.2358,45.0,
358,1.2355,45.7,
359,1.2344,46.3,
360,1.234,45.9,46.0
361,1.2336,46.4,
362,1.2329,42.8,
363,1.2323,45.2,
364,1.2316,47.7,
365,1.2309,47.6,
366,1.2299,48.1,
367,1.2295,47.6,
368,1.2294,45.4,45.5
369,1.2272,42.3,
370,1.2269,42.7,
371,1.2264,44.0,
372,1.2258,45.0,
373,1.2248,47.8,
374,1.2242,45.0,
375,1.2238,41.5,
376,1.2219,46.6,46.6
377,1.2217,44.3,
378,1.2209,47.3,
379,1.2206,47.8,
380,1.2199,48.5,
381,1.2198,44.6,
382,1.2183,48.5,
383,1.2177,46.6,
384,1.2172,48.9,48.9
385,1.2162,47.1,
386,1.2154,47.1,
387,1.2147,45.8,
388,1.2132,43.0,
389,1.2132,45.7,
390,1.2127,48.3,
391,1.2123,44.5,
392,1.2114,49.8,49.6
393,1.2106,45.3,
394,1.2085,44.2,
395,1.2083,48.1,
396,1.2081,46.2,
397,1.2073,50.8,
398,1.2072,45.1,
399,1.2056,46.5,
400,1.2047,45.1,45.2
401,1.2042,46.8,
402,1.2038,53.0,
403,1.2031,44.4,
404,1.2027,45.6,
405,1.2021,47.4,
406,1.2013,47.6,
407,1.2,43.7,
408,1.1997,46.9,46.9
409,1.1992,52.0,
410,1.198,44.7,
411,1.1975,50.5,
412,1.1969,42.7,
413,1.1966,45.5,
414,1.1957,43.7,
415,1.1952,50.1,
416,1.1947,47.5,47.5
417,1.1941,48.8,
418,1.193,41.8,
419,1.1925,47.6,
420,1.1919,50.2,
421,1.1915,46.0,
422,1.1904,44.6,
423,1.1893,43.4,
424,1.1882,45.9,45.9
425,1.1878,49.2,
426,1.1873,46.0,
427,1.1862,47.7,
428,1.1856,45.7,
429,1.1851,47.6,
430,1.185,45.9,
431,1.1844,48.5,
432,1.1838,43.2,43.3
433,1.1831,50.8,
434,1.1821,45.4,
435,1.1818,47.5,
436,1.1809,44.5,
437,1.1796,43.2,
438,1.1788,46.7,
439,1.1786,49.1,
440,1.178,48.6,48.5
441,1.1772,46.6,
442,1.1764,47.3,
443,1.176,51.2,
444,1.1757,45.6,
445,1.1748,46.8,
446,1.1746,50.1,
447,1.1737,44.2,
448,1.1724,46.0,46.0
449,1.171,44.6,
450,1.1703,45.4,
451,1.17,48.9,
452,1.1687,48.4,
453,1.1686,42.0,
454,1.1677,39.8,
455,1.1674,45.5,
456,1.1668,42.8,43.0
457,1.1665,44.8,
458,1.1655,48.1,
459,1.1646,47.1,
460,1.1637,45.1,
461,1.1635,43.5,
462,1.163,45.8,
463,1.162,46.2,
464,1.1615,46.8,46.8
465,1.1606,43.1,
466,1.159,47.4,
467,1.1588,45.5,
468,1.1582,42.4,
469,1.1576,46.3,
470,1.1569,48.1,
471,1.1558,49.1,
472,1.1558,45.4,45.5
473,1.1548,44.2,
474,1.1545,48.1,
475,1.1533,40.8,
476,1.153,45.8,
477,1.1521,45.0,
478,1.1516,47.0,
479,1.1507,50.8,
480,1.1497,48.0,47.9
481,1.1491,46.1,
482,1.1477,48.2,
483,1.1471,46.9,
484,1.1463,42.5,
485,1.1456,50.9,
486,1.1452,48.0,
487,1.1444,46.7,
488,1.1437,48.1,48.0
489,1.1435,45.0,
490,1.1431,49.9,
491,1.1417,43.4,
492,1.1409,45.9,
493,1.1405,47.4,
494,1.1395,44.0,
495,1.1386,45.1,
496,1.1382,47.0,47.1
497,1.138,46.4,
498,1.136,48.2,
499,1.1356,48.0,
500,1.1348,44.1,
501,1.1343,43.5,
502,1.1332,48.1,
503,1.1326,49.8,
504,1.1319,46.8,46.8
505,1.1312,44.0,
506,1.1306,46.8,
507,1.1296,43.2,
508,1.1287,51.2,
509,1.1283,48.7,
510,1.1277,49.7,
511,1.1272,46.7,
512,1.1268,48.2,48.1
513,1.126,52.9,
514,1.125,50.9,
515,1.124,49.5,
516,1.1233,51.4,
517,1.1229,50.0,
518,1.1225,43.1,
519,1.1216,50.6,
520,1.1206,45.0,45.2
521,1.1201,44.9,
522,1.1191,45.7,
523,1.1182,46.0,
524,1.1177,47.0,
525,1.117,43.2,
526,1.1158,42.4,
527,1.1154,47.1,
528,1.1148,46.1,46.1
529,1.1136,44.6,
530,1.1133,48.4,
531,1.1123,48.0,
532,1.1114,51.0,
533,1.1108,46.8,
534,1.1102,45.1,
535,1.1089,50.1,
536,1.1086,43.8,43.9
537,1.1084,43.3,
538,1.1074,44.7,
539,1.107,47.8,
540,1.1057,47.1,
541,1.1044,49.4,
542,1.1034,49.7,
543,1.1031,46.4,
544,1.1027,42.2,42.4
545,1.1013,46.4,
546,1.1004,46.7,
547,1.0995,43.4,
548,1.0993,47.7,
549,1.0983,48.4,
550,1.0973,50.9,
551,1.0965,44.1,
552,1.0958,46.9,46.9
553,1.095,45.4,
554,1.0943,44.6,
555,1.0936,47.0,
556,1.0931,45.2,
557,1.0926,48.5,
558,1.0916,45.3,
559,1.0911,43.9,
560,1.09,47.3,47.3
561,1.0897,45.5,
562,1.0892,42.1,
563,1.0873,45.6,
564,1.0872,45.3,
565,1.0864,43.7,
566,1.0863,46.4,
567,1.0849,45.7,
568,1.0844,44.4,44.4
569,1.0831,47.7,
570,1.082,48.1,
571,1.0811,45.0,
572,1.081,47.2,
573,1.08,46.5,
574,1.0797,44.9,
575,1.0788,45.6,
576,1.0775,54.3,53.5
577,1.0765,46.4,
578,1.0761,46.1,
579,1.0753,46.3,
580,1.074,49.7,
581,1.073,45.3,
582,1.0716,46.9,
583,1.0709,46.7,
584,1.0708,45.3,45.3
585,1.0702,42.6,
586,1.0688,43.5,
587,1.0674,43.6,
588,1.067,44.6,
589,1.0667,46.4,
590,1.066,44.1,
591,1.0659,47.5,
592,1.0647,45.8,45.9
593,1.0638,48.3,
594,1.0635,47.9,
595,1.0622,47.1,
596,1.0612,50.0,
597,1.0607,47.7,
598,1.0597,47.9,
599,1.0594,48.7,
600,1.0582,46.6,46.6
601,1.0574,42.0,
602,1.0561,45.7,
603,1.0547,43.9,
604,1.0544,45.6,
605,1.0543,47.4,
606,1.0532,43.8,
607,1.0524,50.0,
608,1.0509,48.1,48.1
609,1.0502,45.2,
610,1.0497,46.6,
611,1.0491,47.0,
612,1.0487,49.0,
613,1.0469,43.3,
614,1.046,47.7,
615,1.0456,47.9,
616,1.0443,42.7,42.8
617,1.0436,48.7,
618,1.0425,47.8,
619,1.0416,45.3,
620,1.041,45.6,
621,1.0393,47.5,
622,1.0391,45.5,
623,1.0377,46.2,
624,1.0373,44.5,44.6
625,1.0367,44.9,
626,1.036,44.5,
627,1.0345,45.7,
628,1.0339,42.9,
629,1.0328,47.3,
630,1.0324,47.0,
631,1.0313,43.3,
632,1.0301,43.6,43.8
633,1.0299,48.7,
634,1.0288,47.5,
635,1.0281,49.6,
636,1.0277,46.5,
637,1.0261,48.3,
638,1.0248,45.7,
639,1.0243,48.7,
640,1.0234,42.7,42.8
641,1.0226,45.6,
642,1.0209,44.7,
643,1.0202,42.3,
644,1.0197,47.4,
645,1.0184,47.2,
646,1.0172,47.5,
647,1.0165,42.0,
648,1.0157,46.0,46.1
649,1.0154,51.6,
650,1.0147,46.5,
651,1.0133,40.5,
652,1.0127,51.4,
653,1.0111,50.4,
654,1.0086,46.9,
655,1.0078,40.8,
656,1.0075,45.6,45.7
657,1.0064,42.8,
658,1.0053,46.4,
659,1.0049,47.9,
660,1.0038,47.8,
661,1.003,42.1,
662,1.0027,47.5,
663,1.0016,47.6,
664,1.0011,45.2,45.3
665,1.0005,43.5,
666,0.9985,42.4,
667,0.9979,45.2,
668,0.9965,43.3,
669,0.9958,45.5,
670,0.995,46.5,
671,0.9942,50.3,
672,0.9931,48.5,48.4
673,0.9915,47.4,
674,0.99,46.7,
675,0.9897,46.8,
676,0.988,44.3,
677,0.987,43.9,
678,0.9856,45.5,
679,0.9832,44.3,
680,0.9818,43.9,44.0
681,0.9815,41.1,
682,0.9802,47.0,
683,0.9793,54.1,
684,0.9777,45.9,
685,0.9765,46.7,
686,0.9761,42.7,
687,0.9745,44.6,
688,0.9737,43.4,43.5
689,0.973,45.8,
690,0.9719,44.0,
691,0.9707,39.5,
692,0.9699,46.9,
693,0.9685,46.4,
694,0.9672,43.7,
695,0.9662,41.9,
696,0.9658,48.1,48.1
697,0.9633,43.7,
698,0.9623,53.4,
699,0.9608,44.5,
700,0.959,43.2,
701,0.958,45.3,
702,0.9578,45.0,
703,0.9555,47.5,
704,0.9541,41.1,41.2
705,0.9531,44.2,
706,0.9517,45.7,
707,0.9512,45.4,
708,0.9484,53.0,
709,0.9467,47.2,
710,0.9458,49.2,
711,0.9446,42.9,
712,0.9421,46.7,46.7
713,0.9414,45.6,
714,0.9393,44.6,
715,0.9375,47.1,
716,0.9371,44.6,
717,0.9359,44.3,
718,0.9343,45.2,
719,0.9324,46.0,
720,0.9315,44.2,44.5
721,0.9299,45.2,
722,0.9287,43.4,
723,0.9262,43.4,
724,0.9251,52.9,
725,0.9235,47.4,
726,0.9222,44.7,
727,0.9206,45.8,
728,0.917,50.0,49.7
729,0.9161,46.0,
730,0.9154,46.8,
731,0.9138,43.6,
732,0.9131,49.6,
733,0.9117,44.7,
734,0.9097,45.4,
735,0.9066,46.4,
736,0.9047,43.7,43.9
737,0.9016,46.2,
738,0.8992,48.8,
739,0.8985,45.6,
740,0.8971,46.8,
741,0.8954,47.8,
742,0.893,44.9,
743,0.892,46.0,
744,0.8903,46.4,46.4
745,0.8882,42.3,
746,0.8862,45.0,
747,0.8846,47.8,
748,0.8818,49.3,
749,0.8795,44.7,
750,0.8757,46.3,
751,0.8733,47.5,
752,0.8718,46.8,46.8
753,0.8691,43.8,
754,0.8658,46.4,
755,0.8632,43.6,
756,0.8621,43.3,
757,0.8605,45.2,
758,0.8571,49.1,
759,0.8528,46.9,
760,0.852,47.7,47.8
761,0.8517,48.6,
762,0.8484,48.7,
763,0.8449,47.1,
764,0.8395,45.2,
765,0.8388,49.6,
766,0.836,47.0,
767,0.8317,46.7,
768,0.8314,44.6,44.7
769,0.8297,45.6,
770,0.8271,48.5,
771,0.8249,47.9,
772,0.822,48.5,
773,0.8186,49.1,
774,0.8159,48.8,
775,0.8135,46.9,
776,0.81,49.2,49.2
777,0.8072,52.4,
778,0.8053,50.8,
779,0.8027,48.7,
780,0.8008,51.8,
781,0.7974,48.2,
782,0.7948,51.6,
783,0.7925,46.2,
784,0.792,47.3,47.3
785,0.7894,50.1,
786,0.7871,50.5,
787,0.7827,48.7,
788,0.7811,50.2,
789,0.7806,50.5,
790,0.7763,50.4,
791,0.7735,52.9,
792,0.7707,54.9,54.1
793,0.7681,50.5,
794,0.7678,50.6,
795,0.7649,48.5,
796,0.7627,48.8,
797,0.7613,57.0,
798,0.7576,49.2,
799,0.7571,53.7,
800,0.7549,49.0,49.0
801,0.7516,53.4,
802,0.749,50.9,
803,0.7472,52.0,
804,0.7437,45.8,
805,0.7433,49.8,
806,0.7423,51.7,
807,0.7384,49.7,
808,0.7378,46.9,47.0
809,0.7371,49.1,
810,0.7332,55.2,
811,0.7285,50.9,
812,0.7278,58.1,
813,0.7268,50.7,
814,0.7239,53.3,
815,0.7215,46.3,
816,0.719,51.0,50.8
817,0.7159,51.7,
818,0.7147,54.0,
819,0.713,51.6,
820,0.7119,56.2,
821,0.7106,50.8,
822,0.7085,52.8,
823,0.7078,56.7,
824,0.7051,52.8,52.6
825,0.704,49.3,
826,0.7005,58.2,
827,0.6989,52.3,
828,0.6967,51.8,
829,0.6935,57.1,
830,0.6912,52.1,
831,0.6892,53.0,
832,0.6864,54.9,54.3
833,0.6851,49.9,
834,0.6841,48.5,
835,0.6803,49.5,
836,0.6795,55.8,
837,0.6768,49.2,
838,0.6736,51.5,
839,0.6729,51.0,
840,0.6711,49.1,49.1
841,0.6696,52.5,
842,0.6675,50.0,
843,0.6651,52.6,
844,0.6618,56.4,
845,0.6578,58.2,
846,0.6568,58.7,
847,0.6519,53.7,
848,0.6492,50.8,50.6
849,0.6482,51.8,
850,0.6459,51.8,
851,0.6448,47.6,
852,0.6427,56.2,
853,0.6408,52.2,
854,0.638,54.3,
855,0.6366,51.8,
856,0.6351,53.2,52.8
857,0.6323,51.4,
858,0.6276,48.9,
859,0.6256,57.4,
860,0.6228,55.6,
861,0.6183,52.4,
862,0.6162,55.5,
863,0.6147,54.5,
864,0.6094,56.0,55.1
865,0.6075,55.3,
866,0.6052,51.0,
867,0.601,53.8,
868,0.5936,53.8,
869,0.591,54.2,
870,0.5871,49.4,
871,0.584,50.9,
872,0.5769,60.0,58.1
873,0.574,51.0,
874,0.5628,49.7,
875,0.5595,48.7,
876,0.5567,56.3,
877,0.5548,47.3,
878,0.547,53.9,
879,0.5422,51.7,
880,0.5327,53.3,53.0
881,0.5258,58.0,
882,0.5158,53.4,
883,0.5041,49.5,
884,0.4958,51.2,
885,0.4841,54.8,
886,0.4752,57.3,
887,0.4702,55.3,
888,0.455,49.3,49.3
889,0.4322,61.5,
890,0.4248,52.7,
891,0.402,54.7,
892,0.3553,53.9,
893,0.3354,61.2,
894,0.2937,57.2,
895,0.2077,58.5,
